mean_fit_time,std_fit_time,mean_score_time,std_score_time,param_tfi__max_features,param_tfi__ngram_range,param_tfi__stop_words,params,split0_test_score,split1_test_score,split2_test_score,mean_test_score,std_test_score,rank_test_score
20.13908322652181,0.17661945540760463,8.409898122151693,0.060415330572408624,50000,"(1, 1)",,"{'tfi__max_features': 50000, 'tfi__ngram_range': (1, 1), 'tfi__stop_words': None}",0.9355077104990885,0.9346455141153865,0.9348640126133229,0.9350057480702907,0.0003659823909066359,7
18.16149640083313,0.19744168143191587,7.32222565015157,0.15603465891251075,50000,"(1, 1)",english,"{'tfi__max_features': 50000, 'tfi__ngram_range': (1, 1), 'tfi__stop_words': 'english'}",0.9365423461595309,0.9365669803419224,0.935603074497438,0.9362374774182953,0.0004486922784051703,4
63.46411935488383,0.8868248430402288,15.866807301839193,0.6962004269542906,50000,"(1, 2)",,"{'tfi__max_features': 50000, 'tfi__ngram_range': (1, 2), 'tfi__stop_words': None}",0.9335369759077696,0.9333891708134207,0.9333366180528183,0.9334209229758581,8.482100206458034e-05,12
52.88577103614807,0.6860283450174004,11.923641045888266,0.40316337874274644,50000,"(1, 2)",english,"{'tfi__max_features': 50000, 'tfi__ngram_range': (1, 2), 'tfi__stop_words': 'english'}",0.9370103956249692,0.9369118588954033,0.935332085139929,0.9364181310560026,0.0007689844500503604,2
21.804713169733684,2.1620448225182045,8.673322836558023,0.2460772334790283,75000,"(1, 1)",,"{'tfi__max_features': 75000, 'tfi__ngram_range': (1, 1), 'tfi__stop_words': None}",0.9353845395871311,0.9345962457506035,0.9348640126133229,0.9349482673673838,0.00032729011585309127,8
15.715033531188965,0.18943284815063732,6.660531123479207,0.9525478760779774,75000,"(1, 1)",english,"{'tfi__max_features': 75000, 'tfi__ngram_range': (1, 1), 'tfi__stop_words': 'english'}",0.9364191752475736,0.9360989308764842,0.9354306267244777,0.9359829200197076,0.00041182453963990896,5
60.404871225357056,0.49401635900258634,15.62523365020752,0.2908768712940155,75000,"(1, 2)",,"{'tfi__max_features': 75000, 'tfi__ngram_range': (1, 2), 'tfi__stop_words': None}",0.9333399024486377,0.9335616100901611,0.9333858888450927,0.9334291345048448,9.553827366772511e-05,11
50.222171465555824,0.6573359270883155,11.366511106491089,0.5747661608089419,75000,"(1, 2)",english,"{'tfi__max_features': 75000, 'tfi__ngram_range': (1, 2), 'tfi__stop_words': 'english'}",0.9367394196186628,0.9374538109080159,0.9356277098935751,0.9366069962226967,0.0007513572933660371,1
19.59743309020996,0.9475661312007995,7.556967258453369,0.0441067280686579,100000,"(1, 1)",,"{'tfi__max_features': 100000, 'tfi__ngram_range': (1, 1), 'tfi__stop_words': None}",0.9352121003103907,0.9345223432034291,0.934740835632637,0.9348250944325833,0.0002878281509495672,9
16.093992551167805,1.6418546856292158,6.742984612782796,0.19199531732774308,100000,"(1, 1)",english,"{'tfi__max_features': 100000, 'tfi__ngram_range': (1, 1), 'tfi__stop_words': 'english'}",0.9364684436123565,0.9361728334236586,0.9351596373669688,0.9359336508457875,0.0005604445951515078,6
49.70260667800903,0.8586078426383977,9.414363304773966,0.6929676971239607,100000,"(1, 2)",,"{'tfi__max_features': 100000, 'tfi__ngram_range': (1, 2), 'tfi__stop_words': None}",0.9331674631718974,0.9337340493669015,0.9335337012219157,0.933478403678765,0.00023459120165810946,10
40.56207140286764,0.495643896548637,8.507936954498291,0.40237284948446994,100000,"(1, 2)",english,"{'tfi__max_features': 100000, 'tfi__ngram_range': (1, 2), 'tfi__stop_words': 'english'}",0.936493077794748,0.9371335665369266,0.935332085139929,0.9363195927081622,0.0007456095965386056,3
